{"cameraMode":{"drawMode":0,"name":"Shaded","section":"Shading Mode"},"sceneLighting":false,"audioPlay":false,"sceneViewState":{"showFog":true,"showMaterialUpdate":false,"showSkybox":false,"showFlares":true,"showImageEffects":true,"showParticleSystems":true},"in2DMode":false,"pivot":{"x":-0.6101201176643372,"y":1.2885713577270508,"z":0.08432793617248535},"rotation":{"x":0.04529283940792084,"y":0.0074869790114462379,"z":-0.00033877624082379043,"w":0.9989483952522278},"size":1.9941128492355347,"orthographic":false}