{"cameraMode":{"drawMode":0,"name":"Shaded","section":"Shading Mode"},"sceneLighting":true,"audioPlay":false,"sceneViewState":{"showFog":true,"showMaterialUpdate":false,"showSkybox":true,"showFlares":true,"showImageEffects":true,"showParticleSystems":true},"in2DMode":false,"pivot":{"x":1.4618443250656129,"y":0.6369795799255371,"z":-2.421208381652832},"rotation":{"x":0.1333448588848114,"y":0.031208181753754617,"z":-0.004200658295303583,"w":0.9905730485916138},"size":6.033092021942139,"orthographic":false}